# SRAM base addr is 0x28000000, capacity is 1280K
# PSRAM base addr is 0x60000000
#Name,                   Type,     Offset,     Size
CP_RAM,                  SRAM, 0x28000000, 0x05F000
SWAP,                    SRAM,           , 0x001000
AP_HSRAM_HEAP,           SRAM, 0x28100000, 0x080000
AP_RAM,                  SRAM,           , 0x060000
PSRAM_MEM_SLAB_UNCODED, PSRAM, 0x60000000, 0x1000000
PSRAM_MEM_SLAB_CODED,   PSRAM, 0x64000000, 0xD00000
CP_PSRAM_HEAP,          PSRAM,           , 0x020000
# Retention checker stores a 1 MiB SRAM image in .psram.bss.
AP_PSRAM_DATA_SECTION,  PSRAM,           , 0x140000
AP_PSRAM_HEAP,          PSRAM,           , 0x080000
AP_PSRAM_CACHE_HEAP,    PSRAM,           , 0x020000
AP_PSRAM_CODE_SECTION,  PSRAM,           , 0x100000
